Timestamp,Context,Status,Question,Response,Response Length,Model
12/16/2025, 12:09:25 PM,financial-sidekick,success,Can you add this down payment savings plan to my financial plan?,"To incorporate a down payment savings plan into your financial plan, you can follow these steps:

### Updated Savings Plan for Down Payment
1. **Target Monthly Savings**: **$2,000**
2. **Current Emergency Fund**: **$11,700**
3. **Target Down Payment**: **$240,000**
4. **Savings Timeline**: Approximately **9.5 years** to reach the down payment goal.

### Action Steps
- **Allocate Savings**: Adjust your savings allocation to include **$2,000** per month specifically for the down payment.
- **Reduce Wants**: Consider reducing your wants spending to maintain this savings level.
- **Choose Savings Vehicle**: Utilize a **high-yield savings account** for this down payment fund to ensure liquidity and earn interest.

### Monthly Savings Breakdown
- **Emergency Fund**: Maintain contributions until you reach the target of **$12,000**.
- **Down Payment Savings**: Allocate **$2,000/month**.
- **Other Savings**: Continue with your current savings strategy for retirement and any other goals.

### Next Steps
- Update your budget in the app to reflect these new savings priorities.
- Monitor your spending in the wants category to ensure you can comfortably save **$2,000** per month.

This plan will help you stay on track towards your goal of buying a home in the future. Let me know if you need help with specific adjustments or further details!",1348,gpt-4o-mini
12/16/2025, 12:06:25 PM,financial-sidekick,success,"If I’m saving 2k per month for my down payment, then when can I buy a house? Also where should this money exist while I’m saving it, in a bank account, in the stock market, high yield savings account, ETF, etc?","If you save **$2,000** per month for your down payment, let's calculate when you could potentially purchase a house with a target down payment of **$240,000**.

### Savings Calculation
1. **Current Savings**: **$11,700**
2. **Monthly Savings**: **$2,000**
3. **Total Savings Needed**: **$240,000**

### Time to Reach Down Payment
- **Total Savings Needed**: **$240,000 - $11,700 = $228,300**
- **Months to Save**: **$228,300 / $2,000 ≈ 114 months** (or about **9.5 years**)

### Investment Options While Saving
1. **High-Yield Savings Account**:
   - **Pros**: Offers liquidity and relatively low risk, providing some interest (typically around 4% annually).
   - **Cons**: Lower returns compared to stocks.

2. **Certificates of Deposit (CDs)**:
   - **Pros**: Fixed interest rate for a set term, generally higher than standard savings accounts.
   - **Cons**: Less liquid, as funds are locked in for the term of the CD.

3. **Short-Term Bond Funds or ETFs**:
   - **Pros**: Potential for higher returns than savings accounts with relatively low risk.
   - **Cons**: Slightly more volatility compared to savings accounts.

4. **Stock Market (ETFs, Mutual Funds)**:
   - **Pros**: Higher potential returns over the long term.
   - **Cons**: Increased risk and volatility. Not ideal if you plan to buy a house within a few years, as market fluctuations can impact your savings.

### Recommendation
For your down payment savings, a **high-yield savings account** is a good option. It provides the liquidity you need while earning interest. If you're comfortable with a longer timeline and want to maximize returns, consider a **short-term investment strategy with bond ETFs**.

Let me know if you need more details on any of these options or help with other aspects of your financial plan!",1787,gpt-4o-mini
12/16/2025, 12:03:18 PM,financial-sidekick,success,I don’t think I can afford to save 3.4k a month for my down payment because this is my entire saving and investing category. Give me something a little more reasonable with what I can reduce from my “wants” spending,"Let's examine your monthly spending and see how we can adjust your ""wants"" category to enable more savings for your down payment.

### Current Monthly Spending Breakdown:
- **Needs**: **$2,868** (33.0% of income)
- **Wants**: **$2,400** (27.6% of income)
- **Savings**: **$3,412** (39.3% of income)

### Potential Adjustments
Since you’re currently saving **$3,412** a month, let's focus on how much you could reduce your wants to increase your savings. 

1. **Target Monthly Savings for Down Payment**:
   - To make it more reasonable, let's aim for a target of **$1,500** per month for the down payment.
   - This would require an increase of **$1,500 - $11,700 = $228,300** in savings divided over a new time frame.

2. **Timeframe**:
   - If you aim to save this amount over **5 years (60 months)**:
     - Required Monthly Savings: **$228,300 / 60 = $3,805** (which is still high).
   - If you aim for **7 years (84 months)**:
     - Required Monthly Savings: **$228,300 / 84 = $2,714** (still high).
   - For a more reasonable target of **$2,000** per month for savings, you'd need to adjust your monthly savings to **$2,000**.

### Actionable Steps:
To find a reasonable balance, let’s see how much you could reduce your ""wants"":
- Current wants: **$2,400**
- If you want to increase savings by **$1,500**:
  - You would need to reduce your wants to **$900**.
  
### Example Adjustments:
- Dining & Entertainment: Reduce from **$2,323** to about **$800**.
- Other discretionary expenses (Netflix, Spotify, Gym Membership): Consider cutting some of these subscriptions or reducing frequency.

### Summary
- Aim to save **$2,000/month** for your down payment.
- Reduce your wants category to **$900/month**.
- This would make it more manageable to save for your future home while maintaining essential spending.

Let me know if you'd like help with specific expense categories or any other adjustments!",1907,gpt-4o-mini
12/16/2025, 12:00:06 PM,financial-sidekick,success,"I’m living in the Bay Area, when would I be able to to buy a house or apartment? Nothing fancy, just an average starter home. I also don’t know how much I should be saving every month so that I have enough to pay for the down payment","To determine when you could potentially buy a house in the Bay Area, let's start with the average home prices. As of recent data, the median home price in the Bay Area is around **$1,200,000**. A standard down payment is typically **20%**, which would be **$240,000**.

Based on your current savings of **$11,700** in your emergency fund and your monthly savings of **$3,412**, here’s how you could reach that down payment:

1. **Current Savings**: **$11,700**
2. **Target Down Payment**: **$240,000**
3. **Savings Needed**: **$240,000 - $11,700 = $228,300**

Now, calculate how long it would take to save that amount with your current monthly savings:

- **Months to Save**: **$228,300 / $3,412** ≈ **67 months** (or about **5.5 years**)

This estimation assumes you are not earning additional interest on your savings. If you save consistently and perhaps earn a return from investments, that timeline could be shorter. 

### Recommended Monthly Savings
To reach your goal sooner, you can consider increasing your monthly savings. Here’s how much you would need to save monthly to reach the down payment in different timeframes:

- **In 5 Years (60 months)**: 
  - Required Savings: **$240,000 / 60 = $4,000/month**
  
- **In 4 Years (48 months)**: 
  - Required Savings: **$240,000 / 48 = $5,000/month**

- **In 3 Years (36 months)**: 
  - Required Savings: **$240,000 / 36 = $6,667/month**

Adjusting your savings allocation and expenses can help you reach these targets more effectively. If you need further assistance with budgeting or potential ways to increase your savings, let me know!",1595,gpt-4o-mini
12/16/2025, 11:58:02 AM,financial-sidekick,success,Am I on track compared to other people my age?,"I don't have specific data on your age group for comparison, but a good benchmark for financial health includes having savings equal to at least one year's salary by age 30, three times your salary by age 40, and so on. It's essential to focus on your personal goals, savings rate, debt management, and long-term investments. If you'd like, I can help you assess your current financial situation based on your income, savings, and expenses.",440,gpt-4o-mini